{"cameraMode":{"drawMode":0,"name":"Shaded","section":"Shading Mode"},"sceneLighting":false,"audioPlay":false,"sceneViewState":{"showFog":true,"showMaterialUpdate":false,"showSkybox":false,"showFlares":true,"showImageEffects":true,"showParticleSystems":true},"in2DMode":false,"pivot":{"x":562.4139404296875,"y":263.46405029296877,"z":-88.582275390625},"rotation":{"x":-0.03030560351908207,"y":0.0020959237590432169,"z":-0.00005726762174163014,"w":-0.9995607733726502},"size":853.51953125,"orthographic":false}